"id","name","email"
1756878,"Sucheta Pandey","sucheta_pandey@christiansen-bednar.test"
1756875,"Heema Pothuvaal","pothuvaal_heema@reichert-kirlin.test"
1756876,"Avadhesh Chattopadhyay CPA","cpa_chattopadhyay_avadhesh@macejkovic-leuschke.example"
1756880,"Rajinder Varman","varman_rajinder@abernathy.test"
1756879,"Girika Bhattathiri","girika_bhattathiri@armstrong-hickle.test"
1756871,"Shivakari Marar LLD","lld_shivakari_marar@willms.test"
1756872,"Mandaakin Jain","jain_mandaakin@emard-schamberger.example"
1756870,"Prof. Jaimini Arora","jaimini_arora_prof@mills.test"
1756873,"Dhara Bharadwaj","dhara_bharadwaj@frami-ferry.example"
1756874,"Divakar Kaur","divakar_kaur@hickle-huels.test"
1756869,"Pres. Bhisham Guneta","bhisham_pres_guneta@flatley-donnelly.example"
0.13806884537678066,"Ankit dhuware","ankit@abernathy.test"
1756868,"Baladitya Gupta","baladitya_gupta@adams.example"
1756867,"Madhuri Bharadwaj","madhuri_bharadwaj@padberg.example"